"","Opcion","Valor_Esperado","Desviacion_Estandar","Minimo","Maximo","Probalidad Mayor a 0","Percentil_05","Percentil_95"
"Utilidad_Total_Opcion.1.","Comprar 95","1114.44834441456","286.165721544871","-153.844559529547","1460","0.996","490.120461533807","1367"
"Utilidad_Total_Opcion.2.","Comprar 110","1136.40021519332","376.653957751251","-375.614031300525","1622","0.99","393.490975903671","1523"
"Utilidad_Total_Opcion.3.","Comprar 115","1113.063413129","410.981438506412","-638.290144602596","1684","0.987","363.406615122024","1573"
