"","Opcion","Valor_Esperado","Desviacion_Estandar","Minimo","Maximo","Probalidad Mayor a 0","Percentil_05","Percentil_95"
"Utilidad_Total_Opcion.1.","Compra 95 Sartenes","1114.85132238142","293.401382300594","-332.795395640341","1472","0.994","507.111919161368","1373"
"Utilidad_Total_Opcion.2.","Compra 110 Sartenes","1140.64134225814","370.907018886195","-261.792133756052","1667","0.996","424.709035634205","1526.15"
"Utilidad_Total_Opcion.3.","Compra 115 Sartenes","1109.7775435784","406.025839587113","-297.638705733884","1654","0.992","360.593098999396","1576"
