"","curtosis","asimitria"
"Utilidad_Total_Opcion.1.",5.26135811542892,-1.62087900852003
"Utilidad_Total_Opcion.2.",3.66281678097915,-1.04972186289422
"Utilidad_Total_Opcion.3.",3.34129207203734,-0.881688293385032
