"","curtosis","asimitria"
"Utilidad_Total_Opcion.1.",6.27150884729131,-1.77863614790456
"Utilidad_Total_Opcion.2.",3.29867769782425,-0.97342622940919
"Utilidad_Total_Opcion.3.",2.70225247615615,-0.69186811289464
